Name,FIPS,"# Total Population, 2023 [Estimated]","Median Household Income, 2023 [Estimated]","# Housing Occupancy Status | Occupied, 2023 [Estimated]","# Vehicles Available | Occupied housing units, 2023 [Estimated]","# Vehicles Available | No vehicle available, 2023 [Estimated]","% Transportation to Work | Car, truck, or van, 2023 [Estimated]","% Transportation to Work | Public transportation, 2023 [Estimated]","% Transportation to Work | Bicycle, 2023 [Estimated]","% Transportation to Work | Walked, 2023 [Estimated]"
"BG5458001, Wayne County, MI",261635458001,3513,37033.964140577,905,905,243,84.3511,0,1.2977,4.4275
"BG5106003, Wayne County, MI",261635106003,3313,28355.852944409,693,693,31,91.9497,6.1635,0,0
"BG5356003, Wayne County, MI",261635356003,3293,70416.5986312,1035,1035,628,49.2063,50.6803,0,0
"BG5238002, Wayne County, MI",261635238002,2971,44745.538204619,682,682,285,77.7886,7.3386,0,10.1761
"BG5010002, Wayne County, MI",261635010002,2928,42497.955753064,635,635,76,57.1429,39.5833,0,0
"BG5459002, Wayne County, MI",261635459002,2928,26317.2,819,819,217,82.9322,0,0,2.8446
"BG5257003, Wayne County, MI",261635257003,2921,46408.076668104,1174,1174,79,55.9835,0,9.6286,1.4443
"BG5033001, Wayne County, MI",261635033001,2846,39051.096938007,933,933,179,93.8776,5.0093,0,0
"BG5440001, Wayne County, MI",261635440001,2839,37223.675819656,1320,1320,331,68.5525,5.9515,0,4.335
"BG5393002, Wayne County, MI",261635393002,2710,81444.494668989,1545,1545,44,85.4357,0.7313,5.5454,1.6453
"BG5410003, Wayne County, MI",261635410003,2676,54395.841448382,865,865,67,44.3269,7.6923,0,0
"BG5241012, Wayne County, MI",261635241012,2655,23588.258364021,855,855,159,83.3564,5.8252,0,0
"BG5068001, Wayne County, MI",261635068001,2632,45045.146871756,803,803,4,96.5079,0.7937,0,0
"BG5455003, Wayne County, MI",261635455003,2583,11908.068404362,864,864,177,80.8883,0,0,6.9987
"BG5070002, Wayne County, MI",261635070002,2568,34541.534029435,748,748,91,92.4272,4.466,0,0
"BG5421001, Wayne County, MI",261635421001,2521,36817.031527096,934,934,116,88.4058,4.0134,0,0
"BG5056002, Wayne County, MI",261635056002,2497,33914.505189944,867,867,292,62.279,22.7898,0,3.9293
"BG5018002, Wayne County, MI",261635018002,2454,67232.2,838,838,17,82.4087,5.751,0,0
"BG5458002, Wayne County, MI",261635458002,2436,25578.253482396,695,695,180,82.6446,3.1877,0,0
"BG5392003, Wayne County, MI",261635392003,2432,33590.501915231,908,908,2,85.9139,0,0,0
"BG5376001, Wayne County, MI",261635376001,2425,27882.204088018,551,551,125,,0,,0
"BG5471003, Wayne County, MI",261635471003,2397,36975.364917329,992,992,209,77.9689,0.6552,0,0
"BG5384001, Wayne County, MI",261635384001,2389,132318.4374201,660,660,0,82.1994,1.9778,0,5.6171
"BG5039001, Wayne County, MI",261635039001,2363,28468.214861086,659,659,197,61,15.5714,2.2857,2.4286
"BG5387002, Wayne County, MI",261635387002,2341,41157.617746257,794,794,33,83.4992,4.063,0,0
"BG5180002, Wayne County, MI",261635180002,2336,36196.610598221,1006,1006,295,40.8654,6.6346,0,45.6731
"BG5388001, Wayne County, MI",261635388001,2320,46590.008331451,863,863,59,63.9831,18.5381,0,1.1653
"BG5461002, Wayne County, MI",261635461002,2320,39810.593577745,785,785,156,83.4254,1.105,0,0
"BG5018001, Wayne County, MI",261635018001,2311,58645.6,1207,1207,98,74.7927,6.2189,3.7313,1.99
"BG5397001, Wayne County, MI",261635397001,2288,26354.92024254,1095,1095,358,84.7909,0,0,9.3156
"BG5434002, Wayne County, MI",261635434002,2282,57295.148076074,649,649,46,74.711,0,0,0
"BG5370001, Wayne County, MI",261635370001,2253,57392.539948937,522,522,305,77.5701,0,0,2.8037
"BG5423002, Wayne County, MI",261635423002,2247,22292.302136623,1159,1159,121,60.5603,3.8793,0,0
"BG5042001, Wayne County, MI",261635042001,2231,35633.887286455,678,678,178,82.8188,9.5302,0,0.9396
"BG5247001, Wayne County, MI",261635247001,2210,48331.56421297,691,691,33,99.8934,0,0,0
"BG5242003, Wayne County, MI",261635242003,2202,26127.791371376,514,514,0,66.2963,0,0,0
"BG5353001, Wayne County, MI",261635353001,2175,35655.151384666,498,498,25,94.3168,10.8827,,0
"BG5001002, Wayne County, MI",261635001002,2162,40171.750322629,861,861,98,84.2781,9.9465,0,3.2086
"BG5389001, Wayne County, MI",261635389001,2160,49931.247738097,756,756,151,77.9264,0.8919,0,0
"BG5153002, Wayne County, MI",261635153002,2138,10163.585038681,1151,1151,781,70.4989,21.692,0,1.0846
"BG5422001, Wayne County, MI",261635422001,2108,32569.4,1010,1010,59,87.9615,0,0,4.0128
"BG5462011, Wayne County, MI",261635462011,2106,48145.13405064,975,975,71,72.9759,0,0,2.407
"BG5302001, Wayne County, MI",261635302001,2078,54794.8,682,682,99,61.7694,0,0,7.267
"BG5261002, Wayne County, MI",261635261002,2071,26377.2,391,391,41,97.0803,2.9197,0,0
"BG5437002, Wayne County, MI",261635437002,2066,21189.428611133,611,611,208,78.2609,5.1839,0,4.1806
"BG5457001, Wayne County, MI",261635457001,2060,26422.401928517,583,583,150,90.625,0,0,0
"BG5052002, Wayne County, MI",261635052002,2057,34279.410727744,872,872,138,96.9298,0,0,0.7018
"BG5009001, Wayne County, MI",261635009001,2046,17834.092093078,682,682,37,93.9716,6.0284,0,0
"BG5062001, Wayne County, MI",261635062001,2018,28795.8,833,833,146,96.4427,0.9881,,4.0514
"BG5456001, Wayne County, MI",261635456001,2015,26520.8,456,456,60,,0,,0
"BG5456003, Wayne County, MI",261635456003,2015,43619,444,444,35,98.2565,0,0,0
"BG5068002, Wayne County, MI",261635068002,2006,33183.286500835,831,831,140,79.3814,8.1001,0.1473,0
"BG5218001, Wayne County, MI",261635218001,1995,19289.976339001,1176,1176,433,66.9811,3.7736,0,4.0881
"BG5396002, Wayne County, MI",261635396002,1992,49087.343398277,790,790,75,87.9913,0.3275,0,4.2576
"BG5066001, Wayne County, MI",261635066001,1974,46664.774817431,1048,1048,115,,0,,0
"BG5386004, Wayne County, MI",261635386004,1964,41739.327084405,676,676,119,61.0996,28.0083,0,0
"BG5007001, Wayne County, MI",261635007001,1957,53095.366716264,241,241,35,82.9268,5.6098,0,0
"BG5371001, Wayne County, MI",261635371001,1952,33543.594865886,654,654,162,67.3114,24.5648,0,0
"BG5463011, Wayne County, MI",261635463011,1919,51223.775987367,623,623,48,77.2512,9.4787,0,0
"BG5312002, Wayne County, MI",261635312002,1915,116494.50107383,638,638,13,72.5063,1.1735,2.7661,0
"BG5415001, Wayne County, MI",261635415001,1914,16485.668444504,762,762,294,78.1056,9.7826,0,0
"BG5393001, Wayne County, MI",261635393001,1910,44093,803,803,19,84.6154,10.9253,0,0
"BG5350003, Wayne County, MI",261635350003,1903,61373.674775657,532,532,103,97.281,0,0,0
"BG5007004, Wayne County, MI",261635007004,1897,47992.80758264,357,357,0,81.8898,17.5197,0,0
"BG5361002, Wayne County, MI",261635361002,1881,24897.301715753,870,870,270,80.4762,12.6984,0,0
"BG5058002, Wayne County, MI",261635058002,1879,26992.347520844,431,431,40,86.7168,0,0,8.5213
"BG5015001, Wayne County, MI",261635015001,1875,42650.187381058,694,694,101,74.0022,8.5221,0,1.4024
"BG5061001, Wayne County, MI",261635061001,1872,37089.696060653,696,696,198,71.3542,8.2031,1.6927,0
"BG5375001, Wayne County, MI",261635375001,1864,30043.403417357,558,558,103,100,0,0,0
"BG5366002, Wayne County, MI",261635366002,1852,27810,1042,1042,191,82.1429,3.8393,0.2679,5.8929
"BG5390001, Wayne County, MI",261635390001,1846,44389.683504457,640,640,144,82.5871,0,0,13.6816
"BG5113001, Wayne County, MI",261635113001,1839,36415.317142302,457,457,60,83.5991,0,3.4169,0
"BG5432001, Wayne County, MI",261635432001,1838,66173.673096924,547,547,20,91.9886,7.8684,0,0
"BG5406002, Wayne County, MI",261635406002,1827,71443.142130086,619,619,27,89.6597,4.8429,0,0
"BG5189001, Wayne County, MI",261635189001,1818,27664.748006262,896,896,420,71.8919,13.7838,5.1351,5.1351
"BG5394001, Wayne County, MI",261635394001,1817,51644.112717746,518,518,112,66.7638,4.9563,0,8.4548
"BG5243003, Wayne County, MI",261635243003,1809,43936.716705095,465,465,14,,0,,0
"BG5091004, Wayne County, MI",261635091004,1804,82779.889466718,432,432,135,99.8555,0,0,0
"BG5424002, Wayne County, MI",261635424002,1804,44292.795890288,643,643,0,89.916,8.0432,0,0
"BG5426002, Wayne County, MI",261635426002,1800,56595.848033611,588,588,24,83.4798,0,0,11.775
"BG5413001, Wayne County, MI",261635413001,1799,51906.254780594,535,535,0,98.6696,0,0,0
"BG5234001, Wayne County, MI",261635234001,1794,47100.805146478,520,520,86,77.2554,1.5248,10.2922,6.7344
"BG5384002, Wayne County, MI",261635384002,1794,68911.6,872,872,19,76.5403,3.3175,0,2.4882
"BG5069001, Wayne County, MI",261635069001,1790,61215.719379463,468,468,21,94.2421,0,0,5.6404
"BG5009002, Wayne County, MI",261635009002,1786,37086.269630883,520,520,7,85.9929,0,0,6.383
"BG5362002, Wayne County, MI",261635362002,1783,30405.301522678,845,845,44,88.0992,0.9917,0,0
"BG5091003, Wayne County, MI",261635091003,1774,38407.481021615,559,559,149,93.9823,4.6018,0,0
"BG5392002, Wayne County, MI",261635392002,1773,24670.728623878,416,416,15,84.375,0,0,0
"BG5232002, Wayne County, MI",261635232002,1770,21323.937889518,378,378,112,73.6,7.2,0,0
"BG5429002, Wayne County, MI",261635429002,1766,85965.166346714,553,553,13,93.4579,0,0,5.6075
"BG5443002, Wayne County, MI",261635443002,1766,30695.393754334,643,643,154,40.4762,25.3247,1.0823,0
"BG5460002, Wayne County, MI",261635460002,1765,24915.963518435,704,704,51,90.7692,0,0,5.3846
"BG5459001, Wayne County, MI",261635459001,1742,39158.11734464,639,639,90,86.0622,4.3302,0,0.1353
"BG5401001, Wayne County, MI",261635401001,1734,26542.4,633,633,193,88.5768,2.9963,0,0
"BG5015003, Wayne County, MI",261635015003,1733,32603.2,557,557,145,84.1328,7.1956,0,0
"BG5461001, Wayne County, MI",261635461001,1731,33195.54764964,602,602,220,70.2317,4.9911,0,0
"BG5421002, Wayne County, MI",261635421002,1722,30373.237168523,847,847,352,96.1538,0,0,0
"BG5429003, Wayne County, MI",261635429003,1716,60911.159320976,707,707,11,71.8274,0,0,4.0609
"BG5143002, Wayne County, MI",261635143002,1712,22545.869939319,314,314,65,76.1421,23.3503,0,0
"BG5207002, Wayne County, MI",261635207002,1712,63384.262707909,1301,1301,335,63.1623,1.2417,1.0762,21.2748
"BG5160001, Wayne County, MI",261635160001,1703,43372.390225969,630,630,89,72.8933,8.9888,0,5.7584
"BG5466002, Wayne County, MI",261635466002,1692,40385.287340309,655,655,222,88.5073,0,0,0
"BG5258002, Wayne County, MI",261635258002,1687,35745.282543661,496,496,206,79.5745,12.3404,0,3.4043
"BG5441002, Wayne County, MI",261635441002,1677,30939.700044478,630,630,161,84.8522,6.2808,0,0
"BG5002002, Wayne County, MI",261635002002,1649,41981.004965972,776,776,0,76.9231,13.7255,9.3514,0
"BG5170001, Wayne County, MI",261635170001,1645,54919.509252099,1520,1520,230,59.8446,0.5181,3.2815,12.3489
"BG5368001, Wayne County, MI",261635368001,1634,24672.659321286,568,568,134,77.2973,5.6757,0,0
"BG5011001, Wayne County, MI",261635011001,1630,40545.617450897,532,532,0,80.8679,18.5404,0,0
"BG5396001, Wayne County, MI",261635396001,1626,55146.22716326,836,836,175,92.7651,1.6848,0,5.55
"BG5141001, Wayne County, MI",261635141001,1619,17224.790695343,799,799,482,85.2861,5.9946,0,0
"BG5208001, Wayne County, MI",261635208001,1619,86637.716344709,927,927,216,74.1187,5.503,1.7197,0.8598
"BG5402003, Wayne County, MI",261635402003,1611,29599.8,620,620,169,74.5794,21.6822,0,0
"BG5347001, Wayne County, MI",261635347001,1606,30093.667853283,628,628,49,88.9922,2.3256,0,0
"BG5020001, Wayne County, MI",261635020001,1598,35125.2,807,807,118,80.8599,9.4313,0,0
"BG5415002, Wayne County, MI",261635415002,1597,49309.755798746,759,759,129,70.2532,18.3544,0,0
"BG5242002, Wayne County, MI",261635242002,1595,53113.283370711,494,494,6,81.8082,0.6615,0,0
"BG5457002, Wayne County, MI",261635457002,1593,19744.171645524,570,570,58,65.4434,24.4648,0,7.9511
"BG5167002, Wayne County, MI",261635167002,1590,33300.615307079,629,629,330,92.0949,16.6008,,0
"BG5203003, Wayne County, MI",261635203003,1576,46494.157750416,254,254,8,39.3939,5.3613,0,35.3147
"BG5026002, Wayne County, MI",261635026002,1572,38157.124556691,613,613,9,47.2318,6.4014,0,0
"BG5051001, Wayne County, MI",261635051001,1572,13115.286600907,1119,1119,355,72.5907,19.2741,0,8.01
"BG5386001, Wayne County, MI",261635386001,1568,57845.492366435,570,570,25,57.2104,0,0,2.6005
"BG5412001, Wayne County, MI",261635412001,1562,27725.655707791,575,575,232,71.3924,27.3418,,2.5316
"BG5403001, Wayne County, MI",261635403001,1561,48026.090888754,531,531,119,87.3351,0,0,0.5277
"BG5395002, Wayne County, MI",261635395002,1556,76081.784860377,543,543,67,88.2854,7.4547,0,0
"BG5133002, Wayne County, MI",261635133002,1553,89243.298558137,660,660,49,82.4806,0,1.5504,1.8605
"BG5418002, Wayne County, MI",261635418002,1551,41217.952647509,466,466,0,88.218,1.7673,0,0
"BG5073001, Wayne County, MI",261635073001,1547,47048.617666209,578,578,67,92.7438,7.1429,0,0
"BG5342002, Wayne County, MI",261635342002,1547,31147.94356086,398,398,117,77.9747,21.0127,0,0
"BG5472001, Wayne County, MI",261635472001,1545,36480.56697657,566,566,147,89.9646,3.0697,0,0
"BG5246001, Wayne County, MI",261635246001,1528,15833.327213165,686,686,121,78.7975,14.7152,,8.8608
"BG5409003, Wayne County, MI",261635409003,1523,45547.2,578,578,86,88.9734,10.8365,0,0
"BG5324001, Wayne County, MI",261635324001,1522,28988.124008481,738,738,310,62.6316,7.0175,7.3684,0
"BG5369002, Wayne County, MI",261635369002,1516,40063.46905924,534,534,164,76.7857,15.8482,0,0
"BG5392001, Wayne County, MI",261635392001,1516,40954.465333686,726,726,280,60.3053,22.5191,0,13.3588
"BG5019001, Wayne County, MI",261635019001,1514,14392.7,383,383,59,81.0742,14.3223,2.5575,0
"BG5460001, Wayne County, MI",261635460001,1513,35513.123550785,538,538,75,67.2,7.8,0,0.8
"BG5106001, Wayne County, MI",261635106001,1511,15409.385808664,512,512,282,94.4186,5.1163,0,0
"BG5260001, Wayne County, MI",261635260001,1509,31618.644132386,371,371,109,70.1266,4.0506,0,13.9241
"BG5165002, Wayne County, MI",261635165002,1506,64220.079122188,1047,1047,180,78.2845,7.9262,2.9316,0
"BG5051003, Wayne County, MI",261635051003,1498,52371.974853652,567,567,164,63.6882,0,0,29.2776
"BG5219004, Wayne County, MI",261635219004,1490,92747.089970594,572,572,50,72.2222,3.7374,0,0
"BG5472004, Wayne County, MI",261635472004,1489,24519.094823874,949,949,239,91.5179,8.4821,0,0
"BG5069002, Wayne County, MI",261635069002,1479,43058.580785061,500,500,154,,0,,0
"BG5138001, Wayne County, MI",261635138001,1474,32299.207843447,613,613,357,82.7586,13.7931,0,0
"BG5383001, Wayne County, MI",261635383001,1474,53495.85339584,667,667,54,35.6551,6.9652,0,0
"BG5426001, Wayne County, MI",261635426001,1466,30540.4,614,614,224,93.1553,5.1753,0,0
"BG5462012, Wayne County, MI",261635462012,1458,86193.857142857,459,459,37,93.2345,0.0927,0,0
"BG5142001, Wayne County, MI",261635142001,1457,23275.838480802,745,745,294,83.5443,15.0316,0,0
"BG5408002, Wayne County, MI",261635408002,1454,54412.947643068,380,380,9,78.341,7.2197,0,0
"BG5008001, Wayne County, MI",261635008001,1447,25345.340005706,513,513,106,89.9787,0,0,0
"BG5381001, Wayne County, MI",261635381001,1444,72812.931544817,636,636,0,94.963,3.8519,0,0
"BG5425001, Wayne County, MI",261635425001,1444,57361.4,491,491,9,60.8547,2.3932,0,4.2735
"BG5369001, Wayne County, MI",261635369001,1441,35654.768898994,525,525,52,89.5582,0,0,7.2289
"BG5389002, Wayne County, MI",261635389002,1441,62656.389281343,782,782,2,82.4934,10.8753,0,0
"BG5066002, Wayne County, MI",261635066002,1439,43722.563948444,205,205,12,79.3578,0,0,0
"BG5160002, Wayne County, MI",261635160002,1437,34684.456221126,218,218,70,63.249,21.0386,0,0
"BG5031001, Wayne County, MI",261635031001,1435,45562.804502275,626,626,19,95.8175,0,0,0.3802
"BG5467001, Wayne County, MI",261635467001,1432,41422.44794613,614,614,103,99.4374,0.4219,0,0
"BG5202001, Wayne County, MI",261635202001,1429,32805.513480944,566,566,276,39.805,5.9397,2.1277,27.2163
"BG5417001, Wayne County, MI",261635417001,1429,34048.607621664,969,969,320,50.5682,8.8068,0,0
"BG5072001, Wayne County, MI",261635072001,1426,36102.099171543,380,380,0,93.5354,1.6162,0,3.0303
"BG5143001, Wayne County, MI",261635143001,1426,22453.151658291,538,538,320,63.6139,27.9703,0,0
"BG5202002, Wayne County, MI",261635202002,1424,31763.289801098,208,208,52,45.356,12.8483,0,26.7802
"BG5172001, Wayne County, MI",261635172001,1422,116086.28560203,250,250,59,36.0614,2.046,0,48.5934
"BG5080001, Wayne County, MI",261635080001,1419,12950.6,621,621,472,33.557,28.6353,37.8076,0
"BG5385003, Wayne County, MI",261635385003,1418,38322.468981792,472,472,120,64.5161,15.9498,0,11.6487
"BG5031002, Wayne County, MI",261635031002,1411,37908,661,661,28,88.3024,7.418,0,0
"BG5074002, Wayne County, MI",261635074002,1410,32070,532,532,109,57.671,18.854,0,0
"BG5175002, Wayne County, MI",261635175002,1409,9972.2059911292,1124,1124,810,68.0272,4.0816,5.102,9.8639
"BG5113002, Wayne County, MI",261635113002,1407,27357.672971298,409,409,24,70.4805,23.341,0,0
"BG5404001, Wayne County, MI",261635404001,1407,51239.830822497,710,710,100,,4.0816,,0
"BG5014002, Wayne County, MI",261635014002,1403,35864.4,280,280,10,66.5493,36.2676,,0
"BG5455002, Wayne County, MI",261635455002,1398,29818.6,331,331,16,94.9074,9.2593,,0
"BG5470002, Wayne County, MI",261635470002,1395,21726.780581451,420,420,121,89.3401,0,0,9.1371
"BG5385002, Wayne County, MI",261635385002,1392,76037.750851206,483,483,15,93.4272,0,0,0
"BG5153001, Wayne County, MI",261635153001,1386,48201.8,726,726,37,73.0109,0,0,15.4446
"BG5407002, Wayne County, MI",261635407002,1383,25977.59818881,492,492,150,100,0,0,0
"BG5240011, Wayne County, MI",261635240011,1381,59022.640026988,333,333,12,82.8157,4.5549,0,1.2422
"BG5391001, Wayne County, MI",261635391001,1381,42489.929260085,681,681,103,64.1457,24.3697,0,0
"BG5248001, Wayne County, MI",261635248001,1379,43134.48647465,641,641,266,96.9156,2.9221,0,0
"BG5013003, Wayne County, MI",261635013003,1377,47729.611403789,465,465,94,75.3363,19.133,0,0
"BG5301001, Wayne County, MI",261635301001,1365,15517.493496484,1078,1078,533,42.5287,70.4981,,0
"BG5262001, Wayne County, MI",261635262001,1364,34016.4,209,209,20,88.8158,5.5921,0,3.2895
"BG5263003, Wayne County, MI",261635263003,1364,33445.6,505,505,53,93.8294,0,0,0
"BG5075002, Wayne County, MI",261635075002,1362,29587.804092236,592,592,193,71.3978,7.3118,0,3.4409
"BG5301002, Wayne County, MI",261635301002,1356,67088.499872998,493,493,35,84.7656,2.0833,0,0
"BG5357001, Wayne County, MI",261635357001,1349,31400.974139681,474,474,62,64.9718,0,0,0
"BG5054002, Wayne County, MI",261635054002,1338,40966.30090997,525,525,93,98.5882,0,0,0
"BG5385001, Wayne County, MI",261635385001,1338,22285,660,660,252,91.3223,0,0,8.2645
"BG5321002, Wayne County, MI",261635321002,1334,59344.303339371,423,423,90,84.8726,0,0,1.9108
"BG5377003, Wayne County, MI",261635377003,1325,37414.42804503,541,541,133,58.1818,19.0909,0,0
"BG5171001, Wayne County, MI",261635171001,1314,49602.706918805,954,954,138,51.0961,4.8904,1.5177,9.1062
"BG5006001, Wayne County, MI",261635006001,1310,71885.60710904,361,361,0,97.4763,0,0,0
"BG5326001, Wayne County, MI",261635326001,1310,48014.90811668,536,536,9,55,2.4242,0,0
"BG5128001, Wayne County, MI",261635128001,1303,23377.403848147,406,406,175,57.6923,0,0,12.5
"BG5169001, Wayne County, MI",261635169001,1301,30075.893152594,829,829,241,50.4373,5.6851,0,21.2828
"BG5316002, Wayne County, MI",261635316002,1286,24513.694598924,492,492,190,63.3495,16.7476,0,0
"BG5358001, Wayne County, MI",261635358001,1286,18441.950894652,386,386,154,100,0,0,0
"BG5036001, Wayne County, MI",261635036001,1284,34551.6,780,780,140,88.0987,10.7402,0,0.8708
"BG5262003, Wayne County, MI",261635262003,1279,45464.944628163,225,225,8,96.2054,0,0,1.1161
"BG5313001, Wayne County, MI",261635313001,1274,18159.503446887,612,612,240,89.3333,0,0,3.5556
"BG5394003, Wayne County, MI",261635394003,1271,53984.136695217,592,592,0,87.457,4.811,0,0
"BG5173002, Wayne County, MI",261635173002,1269,71328.299733251,655,655,33,64.4231,3.7393,0.9615,6.6239
"BG5404002, Wayne County, MI",261635404002,1263,12877.904266551,721,721,305,85.0318,14.0127,0,0
"BG5137002, Wayne County, MI",261635137002,1259,114807.28411487,533,533,0,71.0021,0,0,0
"BG5052001, Wayne County, MI",261635052001,1255,31668.618385197,509,509,50,82.4786,7.265,0,0
"BG5166001, Wayne County, MI",261635166001,1252,12107.374768453,324,324,138,65.4206,33.6449,0.9346,0
"BG5441001, Wayne County, MI",261635441001,1251,15093.394530529,473,473,58,84.4937,8.5443,0,0
"BG5001001, Wayne County, MI",261635001001,1250,51251.365072409,399,399,33,96.0843,4.2169,,0
"BG5071001, Wayne County, MI",261635071001,1247,,634,634,118,92.8767,4.3836,0,0
"BG5032002, Wayne County, MI",261635032002,1244,43280.984129631,545,545,66,97.2556,2.5729,0,0
"BG5114001, Wayne County, MI",261635114001,1230,17969.2,533,533,56,76.2791,13.9535,0,5.814
"BG5219005, Wayne County, MI",261635219005,1229,13267.346208793,628,628,309,72.1519,26.5823,0,0
"BG5240012, Wayne County, MI",261635240012,1229,19339.314131426,426,426,49,81.1798,0,0,8.9888
"BG5364002, Wayne County, MI",261635364002,1226,20792.159385878,356,356,115,61.7284,33.7449,0,0
"BG5067001, Wayne County, MI",261635067001,1220,53308.352503264,386,386,23,56.9492,16.2712,0,0
"BG5433003, Wayne County, MI",261635433003,1207,83356.060229703,368,368,29,93.2075,1.1321,0,0
"BG5008002, Wayne County, MI",261635008002,1203,28190.245532615,464,464,149,85.558,14.2232,0,0
"BG5434001, Wayne County, MI",261635434001,1200,63335.136658729,342,342,40,94.6785,0,0,0
"BG5254002, Wayne County, MI",261635254002,1192,34619.362646779,292,292,37,83.6538,0,3.8462,1.9231
"BG5422002, Wayne County, MI",261635422002,1186,38569.394717648,526,526,120,66.0177,3.0088,0,3.8938
"BG5433001, Wayne County, MI",261635433001,1183,51835,424,424,20,85.8228,0,0,0
"BG5233001, Wayne County, MI",261635233001,1181,92614.394550094,382,382,73,98.1651,0,0,0
"BG5248002, Wayne County, MI",261635248002,1181,55481.870695429,396,396,35,97.9245,0,0,0
"BG5168001, Wayne County, MI",261635168001,1180,29466.433582656,231,231,76,78.3981,20.6311,0,0
"BG5012001, Wayne County, MI",261635012001,1179,31407.597037314,428,428,144,76.298,20.316,0,0.4515
"BG5032001, Wayne County, MI",261635032001,1173,45316.551383602,451,451,0,96.0289,2.3466,1.083,0.5415
"BG5352002, Wayne County, MI",261635352002,1172,20546.6,402,402,167,63.3987,27.451,0,0
"BG5220001, Wayne County, MI",261635220001,1170,16011.217817439,603,603,399,34.1137,39.7993,2.0067,2.3411
"BG5157001, Wayne County, MI",261635157001,1163,52592.317843821,782,782,121,89.6552,0,3.8793,6.4655
"BG5173001, Wayne County, MI",261635173001,1157,10623.715125403,650,650,440,41.0072,58.9928,,12.2302
"BG5260002, Wayne County, MI",261635260002,1154,36914.212017766,480,480,306,86.3946,0,0,8.8435
"BG5401003, Wayne County, MI",261635401003,1153,17032.153037424,537,537,28,70.0599,17.3653,0,11.6766
"BG5016002, Wayne County, MI",261635016002,1148,42493.235430826,353,353,39,82.5858,0,0,17.1504
"BG5386003, Wayne County, MI",261635386003,1148,65209.197953768,472,472,84,69.0519,0,0,0
"BG5157002, Wayne County, MI",261635157002,1144,52796.751228442,1043,1043,1,70.9234,0,0,2.3576
"BG5014001, Wayne County, MI",261635014001,1140,54270.2,427,427,74,91.9918,0.8214,0,0
"BG5112001, Wayne County, MI",261635112001,1139,15572.357269474,693,693,38,90.678,0,0,1.9774
"BG5225001, Wayne County, MI",261635225001,1136,13358.862657389,371,371,228,45.6432,22.8216,0,7.4689
"BG5452002, Wayne County, MI",261635452002,1135,32198.879974271,176,176,14,0,0,0,0
"BG5470001, Wayne County, MI",261635470001,1135,38948.312142328,483,483,47,81.6377,5.2109,0,0
"BG5365001, Wayne County, MI",261635365001,1134,60162.791307469,323,323,12,98.3051,0,0,0
"BG5456002, Wayne County, MI",261635456002,1132,30950.171504014,397,397,14,93.9799,0,0,0
"BG5326002, Wayne County, MI",261635326002,1121,32571.790736465,638,638,255,11.9328,22.521,0,19.8319
"BG5154002, Wayne County, MI",261635154002,1119,87195.426567657,522,522,33,66.7133,4.6154,0.1399,6.4336
"BG5261001, Wayne County, MI",261635261001,1118,19363.060560258,179,179,47,97.9452,0,0,0
"BG5175001, Wayne County, MI",261635175001,1113,15774.6,657,657,437,1.5228,6.3452,2.2843,71.066
"BG5019002, Wayne County, MI",261635019002,1111,34848.149081034,378,378,26,87.5648,0,0,0
"BG5350002, Wayne County, MI",261635350002,1111,57461.168215886,259,259,10,,0,,0
"BG5431002, Wayne County, MI",261635431002,1108,86830.6,394,394,1,94.8333,0,0,0
"BG5471002, Wayne County, MI",261635471002,1108,40098.113595119,405,405,18,86.8195,0,0,0
"BG5264001, Wayne County, MI",261635264001,1106,60589.095976309,228,228,34,96.9977,0,0,0
"BG5065002, Wayne County, MI",261635065002,1102,41333.804145032,314,314,79,72.479,23.5294,0,3.1513
"BG5057003, Wayne County, MI",261635057003,1097,47117.048533829,260,260,19,91.7411,0,0,0
"BG5170002, Wayne County, MI",261635170002,1097,66826.448558566,559,559,30,72.0513,6.0256,4.8718,3.3333
"BG5431001, Wayne County, MI",261635431001,1097,48256.778151649,499,499,0,64.2473,0,7.5269,1.8817
"BG5363003, Wayne County, MI",261635363003,1096,56972.684676593,369,369,18,92.0195,0.9772,0,0
"BG5363001, Wayne County, MI",261635363001,1095,31168.197705545,325,325,0,75,0,0,0
"BG5334003, Wayne County, MI",261635334003,1080,11400.1,436,436,244,32.2493,67.4797,0,0
"BG5348002, Wayne County, MI",261635348002,1080,40141.6,406,406,33,48.8372,14.6179,7.309,0
"BG5358005, Wayne County, MI",261635358005,1078,35234.762708659,489,489,184,54.2105,0,0,25.7895
"BG5390002, Wayne County, MI",261635390002,1069,28765.741665938,539,539,68,65.625,24.0809,0,2.0221
"BG5138002, Wayne County, MI",261635138002,1068,35553.895321459,506,506,101,45.3933,10.7865,2.2472,17.3034
"BG5233002, Wayne County, MI",261635233002,1062,36729.706939737,243,243,0,89.916,0,0,0
"BG5387001, Wayne County, MI",261635387001,1060,26181.860484678,656,656,141,64.7754,21.2766,0,0
"BG5467002, Wayne County, MI",261635467002,1052,40543.2358866,356,356,33,72.5301,0,10.3614,0
"BG5223001, Wayne County, MI",261635223001,1051,12274.8,653,653,268,51.3966,20.6704,1.1173,0
"BG5414003, Wayne County, MI",261635414003,1047,43492.790503842,288,288,16,100,0,0,0
"BG5311001, Wayne County, MI",261635311001,1046,15874.396127756,526,526,251,34.9911,36.4121,0,18.4725
"BG5358004, Wayne County, MI",261635358004,1046,21331.2,278,278,62,100,0,0,0
"BG5411001, Wayne County, MI",261635411001,1046,46660.600861834,488,488,156,79.3548,11.2903,0,0.9677
"BG5303001, Wayne County, MI",261635303001,1045,22830.809193695,213,213,0,78,12.5714,0,2.5714
"BG5414002, Wayne County, MI",261635414002,1045,74736.626485676,537,537,0,59.1503,0,0,0
"BG5314001, Wayne County, MI",261635314001,1038,35613.618966432,229,229,20,82.7848,0,0,0
"BG5347002, Wayne County, MI",261635347002,1036,34345.698057866,443,443,70,74.7851,34.0974,,0
"BG5263002, Wayne County, MI",261635263002,1034,31162,364,364,91,85.4545,0,0,0
"BG5344002, Wayne County, MI",261635344002,1030,19616.4,364,364,203,26.5233,40.1434,0,2.8674
"BG5472002, Wayne County, MI",261635472002,1027,19986.502023405,263,263,149,51.3228,0,0,0
"BG5403003, Wayne County, MI",261635403003,1015,20436.014582753,396,396,67,0,14.2857,0,9.1837
"BG5013002, Wayne County, MI",261635013002,1009,33618.647800155,281,281,59,85.6808,0,1.6432,0
"BG5002001, Wayne County, MI",261635002001,1004,75163.830814114,446,446,0,99.8016,0,0,0
"BG5056003, Wayne County, MI",261635056003,1001,40516,440,440,66,89.5879,10.4121,0,0
"BG5231001, Wayne County, MI",261635231001,976,12962.434698383,674,674,87,,0,,0
"BG5137003, Wayne County, MI",261635137003,975,20213.723536493,505,505,231,85.0136,0,0,0
"BG5409002, Wayne County, MI",261635409002,973,60571.764920651,370,370,0,70.1449,0,0,0
"BG5413002, Wayne County, MI",261635413002,969,43097.401394744,565,565,213,63.1485,3.3989,0,0.7156
"BG5309003, Wayne County, MI",261635309003,967,35576.701244095,305,305,103,83.6461,20.9115,,0
"BG5016001, Wayne County, MI",261635016001,964,35088.8,391,391,92,80.5226,11.1639,0,0
"BG5341002, Wayne County, MI",261635341002,961,33258.05615577,498,498,112,,5.1948,,0
"BG5343001, Wayne County, MI",261635343001,961,35612.60437483,384,384,34,64.9758,17.3913,0,5.314
"BG5382002, Wayne County, MI",261635382002,961,137164.36247905,306,306,13,77.1513,0,0,7.1217
"BG5382001, Wayne County, MI",261635382001,960,133664.0496252,364,364,10,83.2168,0,0,0
"BG5152001, Wayne County, MI",261635152001,959,20408.793559611,276,276,43,63.1579,0,0,0
"BG5033002, Wayne County, MI",261635033002,954,37957.8,570,570,210,74.5303,0,0,9.3946
"BG5439001, Wayne County, MI",261635439001,953,26620.71591627,539,539,108,70.9677,15.5425,0,3.2258
"BG5040001, Wayne County, MI",261635040001,952,30644.5529047,230,230,63,84.6154,0,0,0
"BG5430001, Wayne County, MI",261635430001,950,83161.348917627,250,250,10,80.0718,0,0,0
"BG5409001, Wayne County, MI",261635409001,948,26541.850234258,333,333,9,99.4819,0,0,0
"BG5417002, Wayne County, MI",261635417002,948,30916.501823119,553,553,32,82.5112,9.417,0,0.6726
"BG5408001, Wayne County, MI",261635408001,946,57528.452518291,485,485,43,85.5856,0,0,0
"BG5434003, Wayne County, MI",261635434003,946,43661.9,346,346,65,94.8905,1.4599,0,0
"BG5064002, Wayne County, MI",261635064002,944,,0,0,0,0,0,0,0
"BG5406001, Wayne County, MI",261635406001,944,40259.707177257,242,242,15,87.3016,0,0,0
"BG5043003, Wayne County, MI",261635043003,938,51362.310840663,229,229,15,81.3665,13.0435,0,0
"BG5407003, Wayne County, MI",261635407003,930,58677.685021989,404,404,194,15,16,0,0
"BG5228001, Wayne County, MI",261635228001,928,30866.571428571,362,362,113,88.1356,0,0,0
"BG5232003, Wayne County, MI",261635232003,928,43378.564109837,243,243,45,87.9032,0,0,0
"BG5405003, Wayne County, MI",261635405003,925,28896.8,438,438,88,89.5939,10.4061,,0
"BG5395001, Wayne County, MI",261635395001,924,135651.09947677,383,383,99,58.6538,41.1058,0,0
"BG5164001, Wayne County, MI",261635164001,921,48013.621967894,438,438,123,80.6854,0,0.9346,0
"BG5351002, Wayne County, MI",261635351002,919,32397.612838012,423,423,60,80.8989,15.7303,0,0.3745
"BG5385004, Wayne County, MI",261635385004,919,70341.5373756,270,270,58,68.1234,5.1414,0,0
"BG5193002, Wayne County, MI",261635193002,917,52579.739386989,234,234,56,85.5932,7.2034,0,7.2034
"BG5418001, Wayne County, MI",261635418001,915,35606.510191979,507,507,58,84.7328,7.1247,0,0
"BG5394002, Wayne County, MI",261635394002,912,14817.487279261,452,452,112,78.3333,0,0,5.5556
"BG5254001, Wayne County, MI",261635254001,908,29492.774983932,327,327,60,94.4444,3.4722,0,0
"BG5381002, Wayne County, MI",261635381002,906,89840.676339954,399,399,0,66.8076,1.4799,0,5.9197
"BG5470003, Wayne County, MI",261635470003,906,34407.79867835,442,442,72,81.8947,8.8421,0,0
"BG5375003, Wayne County, MI",261635375003,894,13433.284176731,462,462,51,45.6432,23.2365,0,0
"BG5315012, Wayne County, MI",261635315012,893,33071.639573728,438,438,3,85.2423,3.304,0,0
"BG5259002, Wayne County, MI",261635259002,892,27750.658386275,243,243,23,90.7583,0,0,0
"BG5057004, Wayne County, MI",261635057004,891,20188.11049913,339,339,77,54.8,3.6,11.2,0
"BG5081002, Wayne County, MI",261635081002,885,25168.056274848,170,170,0,98.5965,0.3509,0,0
"BG5238003, Wayne County, MI",261635238003,881,35650.714285714,212,212,26,,0,,0
"BG5331002, Wayne County, MI",261635331002,881,25417.831468857,306,306,124,64.4444,12.2222,0,10
"BG5448002, Wayne County, MI",261635448002,878,26959.95193268,446,446,37,82.3377,3.8961,0,0
"BG5191001, Wayne County, MI",261635191001,871,34874.041987444,280,280,64,76.5027,0,,26.2295
"BG5361001, Wayne County, MI",261635361001,870,29511.4,154,154,42,81.9444,17.3611,0,0
"BG5348003, Wayne County, MI",261635348003,869,21819.6,366,366,128,35.4839,55.6452,0,0
"BG5166003, Wayne County, MI",261635166003,868,35367.053753987,696,696,190,47.7273,9.0909,0,18.0195
"BG5257004, Wayne County, MI",261635257004,868,38213.6,381,381,18,85.7143,0,,15.5052
"BG5035001, Wayne County, MI",261635035001,866,39436.2,242,242,63,88.9849,11.6631,,0
"BG5224001, Wayne County, MI",261635224001,865,,671,671,205,25,0,0,0
"BG5373003, Wayne County, MI",261635373003,865,32703.6,422,422,23,60.2374,11.5727,0,0
"BG5167003, Wayne County, MI",261635167003,864,39433.884741415,461,461,0,,0,,0
"BG5305002, Wayne County, MI",261635305002,864,37665.804555781,377,377,90,0,30.7692,0,0
"BG5338001, Wayne County, MI",261635338001,861,33542.587913938,287,287,54,69.3122,27.5132,0,0
"BG5376003, Wayne County, MI",261635376003,861,22652.866782267,534,534,109,21.3592,0,0,12.6214
"BG5017001, Wayne County, MI",261635017001,859,28723.265153932,472,472,92,65.5367,1.1299,2.2599,11.0169
"BG5342001, Wayne County, MI",261635342001,859,19131.017352845,232,232,0,40.678,17.7966,0,8.4746
"BG5133001, Wayne County, MI",261635133001,857,48870.51810667,556,556,54,77.6699,0.7282,0,0
"BG5430002, Wayne County, MI",261635430002,856,67122.330399151,337,337,0,71.5789,0,0,0
"BG5367001, Wayne County, MI",261635367001,855,37760.801621472,418,418,53,,0,,0
"BG5304002, Wayne County, MI",261635304002,854,17647.708649114,263,263,151,68.3398,12.3552,0,0
"BG5330002, Wayne County, MI",261635330002,841,72447.965779206,287,287,35,87.0229,5.598,1.2723,0
"BG5321001, Wayne County, MI",261635321001,840,58160.44550928,382,382,67,79.2553,0.7979,0,6.9149
"BG5141002, Wayne County, MI",261635141002,839,25366.317894696,356,356,108,89.3836,9.2466,0,0
"BG5330001, Wayne County, MI",261635330001,830,8351.208804146,350,350,98,36.7816,33.908,0,8.046
"BG5041002, Wayne County, MI",261635041002,829,38959.908217862,423,423,33,86.7308,13.0769,0,0
"BG5081001, Wayne County, MI",261635081001,829,30422.250810485,250,250,80,69.1244,0,0,0
"BG5242001, Wayne County, MI",261635242001,825,21864.207994473,368,368,31,,0,,0
"BG5003001, Wayne County, MI",261635003001,817,41183.777025585,410,410,47,96.2264,3.7736,0,0
"BG5305001, Wayne County, MI",261635305001,817,26158.4,410,410,33,90.1899,1.2658,0,0
"BG5279004, Wayne County, MI",261635279004,814,51633.850845223,221,221,82,84.9265,2.9412,0,0
"BG5247002, Wayne County, MI",261635247002,811,28764.596033511,609,609,308,76.1755,23.511,0,0
"BG5336002, Wayne County, MI",261635336002,809,29778.050173983,415,415,102,68.7719,17.5439,0,0
"BG5344001, Wayne County, MI",261635344001,809,20106.6,344,344,104,26.0563,28.8732,0,0
"BG5363002, Wayne County, MI",261635363002,809,39863.946626888,293,293,44,96.063,0,,14.9606
"BG5425002, Wayne County, MI",261635425002,808,39005.4,412,412,82,76.4706,3.6765,0,0
"BG5211001, Wayne County, MI",261635211001,807,39709.830668144,450,450,324,51.6755,0,2.2928,44.6208
"BG5423001, Wayne County, MI",261635423001,806,16009,302,302,30,29.1045,0,0,0
"BG5054001, Wayne County, MI",261635054001,803,31345.589858034,249,249,134,61.7778,42.2222,,1.7778
"BG5243001, Wayne County, MI",261635243001,803,56875.182217297,353,353,60,69.2168,2.0036,0.3643,0
"BG5106002, Wayne County, MI",261635106002,801,33240,325,325,108,,0,,0
"BG5215002, Wayne County, MI",261635215002,793,25971.719285724,299,299,51,74.1818,8.3636,0,4.3636
"BG5353002, Wayne County, MI",261635353002,792,26164.8,496,496,141,50.4,36.8,0,0
"BG5241011, Wayne County, MI",261635241011,789,26504.789280213,546,546,102,44.6281,28.0992,,29.7521
"BG5383002, Wayne County, MI",261635383002,787,27026.624325178,617,617,44,77.2901,0,8.0153,4.9618
"BG5247003, Wayne County, MI",261635247003,786,44895.6,180,180,0,100,0,0,0
"BG5279003, Wayne County, MI",261635279003,785,10322.173716561,211,211,66,99.1525,0,0,0
"BG5044002, Wayne County, MI",261635044002,782,35831.038389263,228,228,31,,0,,0
"BG5203002, Wayne County, MI",261635203002,779,83480.345823,601,601,73,82.0302,0.9602,0,5.6241
"BG5353003, Wayne County, MI",261635353003,779,32842.946285059,333,333,16,100,0,0,0
"BG5172002, Wayne County, MI",261635172002,777,73412.889664103,585,585,261,18.1818,0,0,51.1364
"BG5433002, Wayne County, MI",261635433002,777,50622.633881127,209,209,35,87.9412,0,0,5.2941
"BG5302003, Wayne County, MI",261635302003,774,,0,0,0,46.0581,1.8672,2.6971,26.1411
"BG5403002, Wayne County, MI",261635403002,774,45685.995356878,324,324,0,90.404,0,0,9.3434
"BG5358002, Wayne County, MI",261635358002,773,27388.4,229,229,60,97.3094,6.7265,,0
"BG5402002, Wayne County, MI",261635402002,773,24283.966297979,309,309,0,75.6881,0,,28.4404
"BG5401002, Wayne County, MI",261635401002,771,36731.233799757,255,255,5,94.7214,3.5191,0,0
"BG5386002, Wayne County, MI",261635386002,768,50186.4,332,332,51,92.4939,0,0,0
"BG5442002, Wayne County, MI",261635442002,765,12849.4,409,409,187,89.9371,9.434,0,0
"BG5139002, Wayne County, MI",261635139002,758,38858.584407948,228,228,22,58.5366,39.3293,0.6098,0.9146
"BG5435001, Wayne County, MI",261635435001,753,37286.088473121,298,298,83,,0,,0
"BG5443001, Wayne County, MI",261635443001,749,25934.084573086,460,460,37,73.065,0,0,0
"BG5192003, Wayne County, MI",261635192003,747,9603.9504716805,234,234,51,46.5116,20.9302,0,0
"BG5377002, Wayne County, MI",261635377002,741,21484.492342274,280,280,76,23.1884,49.2754,0,0
"BG5075001, Wayne County, MI",261635075001,740,16390.254454463,252,252,33,84.6154,0,0,0
"BG5332001, Wayne County, MI",261635332001,739,27521.835705995,221,221,13,54.5455,17.1717,18.6869,0
"BG5370003, Wayne County, MI",261635370003,738,22098.86853639,443,443,76,48.927,24.4635,0,8.1545
"BG5259003, Wayne County, MI",261635259003,735,34387.174919834,292,292,39,96.6408,0,0,3.1008
"BG5259001, Wayne County, MI",261635259001,730,39176,122,122,0,85.8871,2.4194,0,0
"BG5058001, Wayne County, MI",261635058001,725,30793.646950317,243,243,0,67.0659,32.3353,0,0
"BG5339003, Wayne County, MI",261635339003,724,36205.543905539,519,519,116,54.3578,20.4128,3.8991,0
"BG5128003, Wayne County, MI",261635128003,723,18138.466345548,198,198,140,24.1379,25.8621,0,0
"BG5065001, Wayne County, MI",261635065001,718,39805.072520001,318,318,55,,0,,0
"BG5137001, Wayne County, MI",261635137001,718,24785.674221261,579,579,179,44.9541,61.4679,,0
"BG5257001, Wayne County, MI",261635257001,712,43136.004847601,209,209,40,84.6535,0,,17.5743
"BG5119002, Wayne County, MI",261635119002,709,41812.863227333,268,268,57,91.1007,0,2.5761,0.4684
"BG5132002, Wayne County, MI",261635132002,709,37339.672175017,312,312,109,97.3262,0,0,0
"BG5317002, Wayne County, MI",261635317002,709,8622.5000641272,432,432,176,2.4691,17.284,0,79.0123
"BG5358003, Wayne County, MI",261635358003,706,30433.744495401,299,299,0,41.7112,0,0,0
"BG5091001, Wayne County, MI",261635091001,700,40875.85,105,105,43,100,0,0,0
"BG5424001, Wayne County, MI",261635424001,691,15720.316916852,329,329,120,60.3093,0,0,0
"BG5333002, Wayne County, MI",261635333002,684,34095.855512779,242,242,80,56.5826,23.8095,0,5.8824
"BG5338002, Wayne County, MI",261635338002,681,29034.47407749,267,267,61,77.3148,0.9259,0,0
"BG5412002, Wayne County, MI",261635412002,681,14050.4,336,336,145,64.3519,0,0,6.9444
"BG5211002, Wayne County, MI",261635211002,676,26857.182646641,293,293,84,71.1628,4.6512,0,6.5116
"BG5364001, Wayne County, MI",261635364001,674,,215,215,52,87.4525,0,0,5.7034
"BG5263001, Wayne County, MI",261635263001,673,41261.370550408,406,406,43,35.7349,0,0,0
"BG5064001, Wayne County, MI",261635064001,672,22641.704245357,233,233,25,77.2727,0,0,3.6364
"BG5132001, Wayne County, MI",261635132001,671,66334.587340977,210,210,39,84.9802,2.7668,0,0
"BG5308002, Wayne County, MI",261635308002,657,30961.35160699,251,251,59,93.2039,0,,9.7087
"BG5356001, Wayne County, MI",261635356001,657,98750.537984674,306,306,112,86.4055,0,0,0
"BG5157003, Wayne County, MI",261635157003,655,7459.1330227314,762,762,692,0,0,0,0
"BG5429001, Wayne County, MI",261635429001,651,65303.463793171,213,213,61,86.5613,0,0,0
"BG5165001, Wayne County, MI",261635165001,646,66554.214144064,443,443,26,49.4949,0,0,36.9408
"BG5308001, Wayne County, MI",261635308001,646,30543.89059627,240,240,113,59.5918,7.3469,0,20.4082
"BG5365002, Wayne County, MI",261635365002,645,17969.459984818,449,449,50,0,0,0,0
"BG5410001, Wayne County, MI",261635410001,643,17915.985067783,432,432,241,76.4444,12,0,0
"BG5074001, Wayne County, MI",261635074001,641,50936.550620581,301,301,4,83.1325,15.0602,0,0.6024
"BG5318002, Wayne County, MI",261635318002,639,12645.9,477,477,158,23.0769,0,0,76.9231
"BG5347003, Wayne County, MI",261635347003,636,43920.811781303,266,266,23,83.5714,0,0,0
"BG5214002, Wayne County, MI",261635214002,634,38564.218545265,282,282,118,44.4976,7.6555,0,0
"BG5265001, Wayne County, MI",261635265001,633,28185.832636257,247,247,66,66.1765,0,0,2.9412
"BG5339004, Wayne County, MI",261635339004,632,81567.956349863,311,311,11,88.8889,0,2.2792,2.849
"BG5145001, Wayne County, MI",261635145001,631,26704.344603216,300,300,91,90.4977,0,0,0
"BG5063002, Wayne County, MI",261635063002,628,24977.945329723,293,293,38,90.1235,9.2593,0,0
"BG5339001, Wayne County, MI",261635339001,627,33811.569396513,397,397,8,88.0631,1.8018,2.7027,0
"BG5207001, Wayne County, MI",261635207001,623,91525.489327097,505,505,111,44.9393,1.0121,1.2146,47.9757
"BG5057005, Wayne County, MI",261635057005,621,35893.286398706,241,241,41,74.0984,15.7377,0,0
"BG5027003, Wayne County, MI",261635027003,617,11108.651549478,193,193,62,65.4867,29.2035,0,0
"BG5069003, Wayne County, MI",261635069003,611,37256.944125302,343,343,69,95.9906,1.4151,0,0
"BG5452004, Wayne County, MI",261635452004,611,36389.5,285,285,75,0,0,0,0
"BG5207003, Wayne County, MI",261635207003,605,57818.06512508,383,383,64,38.29,20.8178,12.6394,17.658
"BG5225002, Wayne County, MI",261635225002,598,21372.423371879,430,430,200,,12.381,,0
"BG5044001, Wayne County, MI",261635044001,597,16975.212817363,144,144,15,70.1149,9.1954,0,0
"BG5006004, Wayne County, MI",261635006004,592,35649.981050562,205,205,39,,0,,0
"BG5203001, Wayne County, MI",261635203001,591,39747.201857568,296,296,65,86.7596,1.3937,0,11.1498
"BG5375002, Wayne County, MI",261635375002,589,28065.43664033,247,247,14,99.5984,0,0,0
"BG5448001, Wayne County, MI",261635448001,589,32834.235212219,198,198,0,81.3953,4.0698,0,10.4651
"BG5372001, Wayne County, MI",261635372001,587,20785.603419808,199,199,18,,0,,0
"BG5316001, Wayne County, MI",261635316001,584,24972.062048009,234,234,39,88.6486,1.6216,0,0
"BG5015002, Wayne County, MI",261635015002,582,37004.51296755,258,258,0,49.5536,0,0,0
"BG5302002, Wayne County, MI",261635302002,577,38802.254755023,487,487,95,74.5098,0,0,0
"BG5043002, Wayne County, MI",261635043002,576,30998.855636596,279,279,104,40,0,0,13.75
"BG5356002, Wayne County, MI",261635356002,576,10523.947960042,195,195,64,68.231,0,0,0
"BG5027004, Wayne County, MI",261635027004,569,21576.000018926,375,375,239,83.7438,8.867,0,0
"BG5405001, Wayne County, MI",261635405001,569,61141.382897143,267,267,3,85.1942,0,0,0
"BG5010001, Wayne County, MI",261635010001,568,20108.296752336,221,221,50,83.4746,8.4746,0,0
"BG5014003, Wayne County, MI",261635014003,567,56150.4,316,316,21,85.9031,0.4405,0,0
"BG5063001, Wayne County, MI",261635063001,566,24048.583135768,301,301,14,59.2233,36.8932,0,1.9417
"BG5378002, Wayne County, MI",261635378002,563,23551.478903062,237,237,74,56.4103,28.2051,0,0
"BG5119001, Wayne County, MI",261635119001,560,11142.503944375,647,647,259,71.9512,18.2927,0,0
"BG5362001, Wayne County, MI",261635362001,560,44511.766294217,126,126,0,80.2589,3.5599,0,0
"BG5011003, Wayne County, MI",261635011003,558,34762.366895402,246,246,48,71.1744,0,0,6.4057
"BG5315021, Wayne County, MI",261635315021,558,49078.042094176,247,247,37,,0,,0
"BG5228002, Wayne County, MI",261635228002,557,14072.85838972,329,329,101,45.6522,0,0,19.5652
"BG5234002, Wayne County, MI",261635234002,556,33736.975115719,256,256,56,80.3371,0,0,0
"BG5414001, Wayne County, MI",261635414001,553,35279.710705927,125,125,0,61.9835,9.9174,0,0
"BG5167001, Wayne County, MI",261635167001,552,16650.2,430,430,155,,0,,0
"BG5258001, Wayne County, MI",261635258001,550,34647.313247791,108,108,1,69.2308,0,0,0
"BG5356004, Wayne County, MI",261635356004,542,26036.8,392,392,96,27.2727,0,0,0
"BG5333001, Wayne County, MI",261635333001,539,56267.124977554,254,254,56,83.7004,8.37,0,0.4405
"BG5003002, Wayne County, MI",261635003002,536,34224.4,330,330,16,89.8551,4.3478,,8.6957
"BG5011002, Wayne County, MI",261635011002,536,37485,259,259,30,86.0465,0,0,0
"BG5070001, Wayne County, MI",261635070001,536,49369.733531329,166,166,21,70.297,0,0,14.8515
"BG5366001, Wayne County, MI",261635366001,533,36698.34263547,237,237,28,60.4167,0,0,0
"BG5410002, Wayne County, MI",261635410002,530,35978.456452763,268,268,38,72.5,11.25,0,0
"BG5351001, Wayne County, MI",261635351001,529,12362.18663265,154,154,94,67.1533,28.4672,0,0
"BG5361003, Wayne County, MI",261635361003,527,35676.377221118,350,350,130,70.6897,28.7356,0,0
"BG5378001, Wayne County, MI",261635378001,527,20214,266,266,98,74.4444,28.8889,,0
"BG5027001, Wayne County, MI",261635027001,525,24974.666635793,183,183,72,31.5217,35.8696,0,0
"BG5220002, Wayne County, MI",261635220002,524,22753.904604095,225,225,22,76.9231,14.6154,0,0
"BG5238001, Wayne County, MI",261635238001,522,30718.2,403,403,22,90.75,0,0,4.5
"BG5336001, Wayne County, MI",261635336001,516,23424.696253837,287,287,132,73.3333,0,0,0
"BG5006003, Wayne County, MI",261635006003,514,51726.065815041,227,227,0,,2.7431,,0
"BG5058003, Wayne County, MI",261635058003,509,23092.4394031,276,276,105,69.9187,13.8211,0,0
"BG5139001, Wayne County, MI",261635139001,509,38270.693017894,139,139,0,66.6667,0,9.3333,0
"BG5169002, Wayne County, MI",261635169002,509,27214.370616922,456,456,290,0,64.5833,0,2.0833
"BG5007003, Wayne County, MI",261635007003,508,43891.340252986,318,318,48,68.1934,3.5623,0,0
"BG5214001, Wayne County, MI",261635214001,507,64673.150068206,321,321,0,73.6655,0,0,14.2349
"BG5309001, Wayne County, MI",261635309001,507,16475,296,296,147,,12.6126,,0
"BG5341001, Wayne County, MI",261635341001,506,29391.8,197,197,57,92.3077,0,0,6.1538
"BG5364003, Wayne County, MI",261635364003,506,49260.655390904,83,83,34,58.3916,8.042,0,0
"BG5004002, Wayne County, MI",261635004002,497,42913.271484455,239,239,84,94.0959,0,0,0
"BG5319001, Wayne County, MI",261635319001,487,27348.459509689,231,231,90,55.1136,14.2045,,35.7955
"BG5407001, Wayne County, MI",261635407001,485,18316.7,205,205,45,86.0169,13.9831,0,0
"BG5005002, Wayne County, MI",261635005002,479,46443.111977977,351,351,3,88.5886,1.2012,0.3003,9.6096
"BG5090004, Wayne County, MI",261635090004,478,,247,247,64,89.781,0.7299,7.2993,0
"BG5471004, Wayne County, MI",261635471004,477,53713.674948658,245,245,2,99.6,0,0,0
"BG5034001, Wayne County, MI",261635034001,475,35818.70874054,311,311,27,92.5926,2.716,0.9877,0
"BG5041001, Wayne County, MI",261635041001,472,13973.48429454,208,208,55,96,0,0,2
"BG5090001, Wayne County, MI",261635090001,469,45753.670474325,155,155,6,,0,,0
"BG9851001, Wayne County, MI",261639851001,468,39170,83,83,46,92.6829,0,0,0
"BG5371002, Wayne County, MI",261635371002,462,26686,264,264,55,69.1729,28.5714,0,0.7519
"BG5352001, Wayne County, MI",261635352001,461,13233.879935109,334,334,61,93.4783,0,4.3478,0
"BG5342003, Wayne County, MI",261635342003,460,25113.875294723,184,184,35,99.187,0,,19.5122
"BG5377001, Wayne County, MI",261635377001,459,55601.194241906,229,229,43,83.3333,27.7778,,0
"BG5232001, Wayne County, MI",261635232001,456,41990.551356382,204,204,72,,0,,0
"BG5204002, Wayne County, MI",261635204002,446,22303.717107751,139,139,52,91.9048,0,0,0
"BG5026005, Wayne County, MI",261635026005,443,13662.146871328,160,160,4,57.6923,0,0,31.7308
"BG5331001, Wayne County, MI",261635331001,442,19686.444507094,289,289,89,100,0,0,0
"BG5193001, Wayne County, MI",261635193001,441,27302.93938827,257,257,22,89.5,0,0,0
"BG5395003, Wayne County, MI",261635395003,441,40578.708482842,270,270,111,94.6309,0,0,0
"BG5057001, Wayne County, MI",261635057001,438,26042.6,201,201,82,50,28.125,0,0
"BG5017002, Wayne County, MI",261635017002,436,31179.191813261,200,200,10,98,0,0,0
"BG5339002, Wayne County, MI",261635339002,435,30331.787725411,451,451,208,65.0602,0,0,0
"BG5433004, Wayne County, MI",261635433004,432,31088.783029481,189,189,13,74.0964,0,0,0
"BG5190002, Wayne County, MI",261635190002,429,29059.437704227,169,169,68,47.7477,12.1622,14.8649,17.5676
"BG5303002, Wayne County, MI",261635303002,429,23598.708501519,149,149,16,100,0,0,0
"BG5204001, Wayne County, MI",261635204001,425,51105.404940709,317,317,51,39.3204,16.2621,0,28.1553
"BG5264002, Wayne County, MI",261635264002,424,28409.617175886,97,97,60,70.9091,0,0,0.9091
"BG5013001, Wayne County, MI",261635013001,421,36073.41624656,121,121,2,86.9565,0,0,12.1739
"BG5152002, Wayne County, MI",261635152002,421,18791.093511912,218,218,160,0,0,0,0
"BG5204003, Wayne County, MI",261635204003,415,19895.8,234,234,186,0.4717,25.4717,0,65.0943
"BG5011004, Wayne County, MI",261635011004,414,27911.714285714,195,195,80,61.3281,5.4688,0,22.6563
"BG5190001, Wayne County, MI",261635190001,414,47031.312722177,199,199,72,57.5419,5.5866,3.352,0
"BG5370002, Wayne County, MI",261635370002,411,4462.4145637963,151,151,7,50,0,0,47.3684
"BG5452001, Wayne County, MI",261635452001,409,34682.374333016,226,226,95,61.4973,37.9679,0,0
"BG5192001, Wayne County, MI",261635192001,407,29624.497557325,168,168,39,60.1423,13.5231,0,0
"BG5411002, Wayne County, MI",261635411002,396,22981.958111737,494,494,184,92.7273,7.2727,0,0
"BG5056001, Wayne County, MI",261635056001,390,34337.625373258,218,218,51,96.4539,0,0,0
"BG5373001, Wayne County, MI",261635373001,389,52087.391658109,256,256,0,70.8333,27.7778,0,0
"BG5432003, Wayne County, MI",261635432003,387,27044.930307285,229,229,21,0,0,0,0
"BG5154001, Wayne County, MI",261635154001,384,135036.01254921,184,184,3,64.0805,0,1.4368,0
"BG5004001, Wayne County, MI",261635004001,383,21142.9,122,122,65,25,65.3846,0,0
"BG5114002, Wayne County, MI",261635114002,383,30938.979118622,224,224,105,74.7126,10.9195,0,0
"BG5004003, Wayne County, MI",261635004003,382,21100.568338208,123,123,28,76.4706,11.7647,11.7647,0
"BG5207004, Wayne County, MI",261635207004,374,64411.389588606,334,334,35,32.021,0,0,30.4462
"BG5405002, Wayne County, MI",261635405002,370,22842.536784721,209,209,56,84.7328,20.6107,,0
"BG5005001, Wayne County, MI",261635005001,368,55700.896626698,150,150,28,94.5355,2.7322,0,0
"BG5180001, Wayne County, MI",261635180001,367,112199.91270285,354,354,0,62.2378,0,0,24.1259
"BG5327001, Wayne County, MI",261635327001,366,24933.8,235,235,54,78.5714,0,0,8.3333
"BG5376002, Wayne County, MI",261635376002,366,,87,87,0,,0,,0
"BG5262002, Wayne County, MI",261635262002,365,24328.415686796,111,111,13,100,0,0,0
"BG5058004, Wayne County, MI",261635058004,360,30979.774042992,89,89,10,75.4098,20.4918,0,0
"BG5035002, Wayne County, MI",261635035002,353,37698.688526882,194,194,64,,0,,0
"BG5312001, Wayne County, MI",261635312001,350,53971.590258364,199,199,3,97.8182,5.4545,,0
"BG5317001, Wayne County, MI",261635317001,350,42762.351600894,187,187,46,70,41.5789,,0
"BG5238004, Wayne County, MI",261635238004,348,46380.582478726,132,132,0,91.4089,5.8419,2.7491,0
"BG5458003, Wayne County, MI",261635458003,344,37073.8,217,217,41,96.679,5.5351,,0
"BG5007002, Wayne County, MI",261635007002,343,53629.550371971,78,78,3,79.4521,24.6575,,0
"BG5215001, Wayne County, MI",261635215001,343,54246.775165629,175,175,25,69.2623,0,5.7377,9.8361
"BG5006002, Wayne County, MI",261635006002,340,51160.01776566,215,215,67,84.3434,0,0,0
"BG5035003, Wayne County, MI",261635035003,335,52800.927706363,51,51,0,85.4922,0,0,0
"BG5338004, Wayne County, MI",261635338004,335,23927.552786917,228,228,101,94.8276,17.2414,,0
"BG5026001, Wayne County, MI",261635026001,329,21434.675388974,111,111,11,0,0,0,0
"BG5350001, Wayne County, MI",261635350001,327,11487.4,94,94,71,53.5714,0,0,0
"BG5472003, Wayne County, MI",261635472003,327,63692.383166925,82,82,25,93.8596,6.1404,0,0
"BG5091005, Wayne County, MI",261635091005,323,26054.4,167,167,31,99.2248,0,0,0
"BG5223002, Wayne County, MI",261635223002,322,12265.114285714,218,218,100,45.8333,31.9444,0,0
"BG5071002, Wayne County, MI",261635071002,321,47979.153449537,130,130,77,84.585,15.415,0,0
"BG5314002, Wayne County, MI",261635314002,318,24195.8,182,182,0,95.7055,0,2.454,0
"BG5318001, Wayne County, MI",261635318001,318,22771.759180488,158,158,108,93.2432,0,0,0
"BG5451001, Wayne County, MI",261635451001,310,24939.457934857,165,165,65,62.2222,7.7778,0,0
"BG5432002, Wayne County, MI",261635432002,308,47882.4,107,107,7,79.0698,20.155,0,0
"BG5026004, Wayne County, MI",261635026004,301,37035.244529746,113,113,23,57.931,41.3793,0,0
"BG5451002, Wayne County, MI",261635451002,293,25220.238249821,198,198,0,47.6923,0,0,0
"BG5191002, Wayne County, MI",261635191002,286,28575.8472418,109,109,52,33.3333,33.3333,26.6667,0
"BG5265002, Wayne County, MI",261635265002,286,18945.560208651,116,116,42,77.907,20.9302,0,0
"BG5334002, Wayne County, MI",261635334002,285,10208.252110606,401,401,43,,0,,0
"BG5026003, Wayne County, MI",261635026003,284,,138,138,67,46.4286,52.381,0,0
"BG5090002, Wayne County, MI",261635090002,276,53821.485714286,140,140,19,81.4159,0.885,0,10.6195
"BG5304001, Wayne County, MI",261635304001,266,23458.391901053,217,217,112,50.4132,45.4545,0,2.4793
"BG5452003, Wayne County, MI",261635452003,264,,138,138,43,,0,,0
"BG9853001, Wayne County, MI",261639853001,264,61318.099338971,228,228,8,78.8945,0,0,5.5276
"BG5338003, Wayne County, MI",261635338003,248,,118,118,1,100,0,0,0
"BG5043001, Wayne County, MI",261635043001,241,38348.026611221,131,131,42,90.6977,0,0,0
"BG5219001, Wayne County, MI",261635219001,240,128779.56060726,154,154,27,43.318,0,0,9.6774
"BG5332002, Wayne County, MI",261635332002,235,18247.116685257,121,121,46,68.9655,0,,34.4828
"BG5437001, Wayne County, MI",261635437001,234,34935.320585199,147,147,15,80.6202,0,0,0
"BG5040002, Wayne County, MI",261635040002,232,30901.743597541,96,96,21,,0,,0
"BG5027002, Wayne County, MI",261635027002,227,27183.076825993,135,135,47,54.9451,6.5934,0,0
"BG5044003, Wayne County, MI",261635044003,226,21058.471809915,122,122,47,,0,,0
"BG5442001, Wayne County, MI",261635442001,222,34530.884276547,188,188,4,89.7872,9.3617,0,0
"BG5402001, Wayne County, MI",261635402001,216,34995.045921442,145,145,38,68.75,23.75,,18.75
"BG5315011, Wayne County, MI",261635315011,204,15111.333333333,117,117,0,4.7619,4.7619,0,0
"BG5309002, Wayne County, MI",261635309002,182,46222.246911863,53,53,2,0,0,0,100
"BG5279001, Wayne County, MI",261635279001,179,32406.79599245,99,99,4,74.2424,10.6061,0.7576,14.3939
"BG5233003, Wayne County, MI",261635233003,173,65015.07099534,121,121,0,82.4242,0,0,0
"BG5128002, Wayne County, MI",261635128002,172,12839.8,141,141,23,,0,,0
"BG5417003, Wayne County, MI",261635417003,160,33643.562401045,128,128,0,33.8462,0,0,0
"BG5279002, Wayne County, MI",261635279002,156,16841.7,107,107,79,94.7368,0,0,0
"BG5073002, Wayne County, MI",261635073002,134,37169.963872752,19,19,7,87.5,0,0,0
"BG5142002, Wayne County, MI",261635142002,122,36202.377203475,69,69,0,100,0,0,0
"BG5334001, Wayne County, MI",261635334001,121,34679.22588018,172,172,12,,0,,0
"BG5466001, Wayne County, MI",261635466001,99,20661.361333366,185,185,99,0,,,0
"BG5090003, Wayne County, MI",261635090003,86,27586.837699206,72,72,6,78.5714,7.1429,0,0
"BG5192002, Wayne County, MI",261635192002,82,29645.880921088,150,150,44,0,39.823,0,13.2743
"BG5051002, Wayne County, MI",261635051002,70,12024.716786118,123,123,84,0,70.2128,0,22.3404
"BG5240013, Wayne County, MI",261635240013,69,17387.672726049,124,124,62,0,0,0,0
"BG5245001, Wayne County, MI",261635245001,64,,0,0,0,100,0,0,0
"BG5348001, Wayne County, MI",261635348001,51,22972.346492586,85,85,29,0,0,0,0
"BG5245002, Wayne County, MI",261635245002,41,23030.899036449,34,34,30,100,0,0,0
"BG5112002, Wayne County, MI",261635112002,37,43052.806544044,14,14,14,0,0,0,0
"BG5026006, Wayne County, MI",261635026006,0,,0,0,0,0,0,0,0
"BG5057002, Wayne County, MI",261635057002,0,,0,0,0,0,0,0,0
"BG5068003, Wayne County, MI",261635068003,0,39752.128955523,0,0,0,0,0,0,0
"BG5080002, Wayne County, MI",261635080002,0,,0,0,0,0,0,0,0
"BG5091002, Wayne County, MI",261635091002,0,11415.969183429,7,7,7,0,0,0,0
"BG5114003, Wayne County, MI",261635114003,0,,0,0,0,0,0,0,0
"BG5166002, Wayne County, MI",261635166002,0,24513.333333333,0,0,0,0,0,0,0
"BG5219002, Wayne County, MI",261635219002,0,,0,0,0,0,0,0,0
"BG5219003, Wayne County, MI",261635219003,0,34595.404292346,0,0,0,0,0,0,0
"BG5223003, Wayne County, MI",261635223003,0,11415.606668669,0,0,0,0,0,0,0
"BG5243002, Wayne County, MI",261635243002,0,52679.821137876,0,0,0,0,0,0,0
"BG5245003, Wayne County, MI",261635245003,0,14311.886951488,0,0,0,0,0,0,0
"BG5257002, Wayne County, MI",261635257002,0,50480.49879826,0,0,0,0,0,0,0
"BG5303003, Wayne County, MI",261635303003,0,,0,0,0,0,0,0,0
"BG5373002, Wayne County, MI",261635373002,0,44444.148193581,0,0,0,0,0,0,0
"BG5455001, Wayne County, MI",261635455001,0,23774.617042953,90,90,12,90.0826,1.6529,0,0
"BG5471001, Wayne County, MI",261635471001,0,,0,0,0,0,0,0,0
"BG9817001, Wayne County, MI",261639817001,0,,0,0,0,0,0,0,0
"BG9818001, Wayne County, MI",261639818001,0,,0,0,0,0,0,0,0
"BG9836003, Wayne County, MI",261639836003,0,,0,0,0,0,0,0,0
"BG9841001, Wayne County, MI",261639841001,0,,0,0,0,0,0,0,0
"BG9842001, Wayne County, MI",261639842001,0,,0,0,0,0,0,0,0
"BG9850001, Wayne County, MI",261639850001,0,,0,0,0,0,0,0,0
"BG9850002, Wayne County, MI",261639850002,0,,0,0,0,0,0,0,0
"BG9852001, Wayne County, MI",261639852001,0,,0,0,0,0,0,0,0
"BG9855001, Wayne County, MI",261639855001,0,,0,0,0,0,0,0,0
"BG9858001, Wayne County, MI",261639858001,0,,0,0,0,0,0,0,0
"BG9859001, Wayne County, MI",261639859001,0,,0,0,0,0,0,0,0
